-- NFT Arts - Seed Data (Тестовые данные)
-- Соответствует схеме init.sql (11 сущностей ER-диаграммы)
-- Дипломный проект: Горенков А.А., ИУ5-73Б

-- ============================================
-- 1. СТИЛИ ЖИВОПИСИ (art_styles)
-- ============================================
INSERT INTO art_styles (id, name, description, icon_name) VALUES
    ('e0000001-0000-0000-0000-000000000001', 'Цифровая живопись', 'Рисование в цифровых программах с помощью графического планшета', 'paintbrush.fill'),
    ('e0000001-0000-0000-0000-000000000002', 'Генеративное искусство', 'Произведения, созданные с помощью алгоритмов и кода', 'cpu'),
    ('e0000001-0000-0000-0000-000000000003', 'Фотография', 'Цифровая и аналоговая фотография, обработанная для NFT', 'camera.fill'),
    ('e0000001-0000-0000-0000-000000000004', 'Абстракция', 'Абстрактные формы, цвета и композиции', 'circle.hexagongrid.fill'),
    ('e0000001-0000-0000-0000-000000000005', 'Пиксель-арт', 'Стилизованная графика в пиксельной технике', 'square.grid.3x3.fill'),
    ('e0000001-0000-0000-0000-000000000006', '3D Искусство', 'Трёхмерные модели и скульптуры', 'cube.fill'),
    ('e0000001-0000-0000-0000-000000000007', 'Импрессионизм', 'Цифровая интерпретация стиля импрессионистов', 'sun.haze.fill'),
    ('e0000001-0000-0000-0000-000000000008', 'Минимализм', 'Минималистичные композиции и формы', 'circle');

-- ============================================
-- 2. ПОЛЬЗОВАТЕЛИ (users)
-- ============================================
INSERT INTO users (id, username, display_name, email, wallet_address, card_number, bio, balance, password_hash) VALUES
    ('a0000001-0000-0000-0000-000000000001', 'gorenkov', 'Алексей Горенков', 'gorenkov@bmstu.edu', '0x742d35Cc6634C0532925a3b844Bc9e7595f2bD01', '2200 1234 5678 9012', 'NFT Коллекционер и создатель', 10.0, crypt('password123', gen_salt('bf'))),
    ('a0000001-0000-0000-0000-000000000002', 'artbot_ivan', 'Иван Артов', NULL, '0x8ba1f109551bD432803012645Ac136ddd64DBA72', NULL, 'Цифровой художник', 25.5, crypt('password123', gen_salt('bf'))),
    ('a0000001-0000-0000-0000-000000000003', 'crypto_anna', 'Анна Крипто', NULL, '0x2546BcD3c84621e976D8185a91A922aE77ECEc30', '4276 8765 4321 0987', 'Коллекционер генеративного искусства', 15.0, crypt('password123', gen_salt('bf'))),
    ('a0000001-0000-0000-0000-000000000004', 'nft_sergey', 'Сергей Блокчейнов', NULL, '0xbDA5747bFD65F08deb54cb465eB87D40e51B197E', NULL, 'Создатель 3D NFT', 8.75, crypt('password123', gen_salt('bf'))),
    ('a0000001-0000-0000-0000-000000000005', 'pixel_maria', 'Мария Пиксель', NULL, '0xdD2FD4581271e230360230F9337D5c0430Bf44C0', NULL, 'Пиксель-арт мастер', 12.3, crypt('password123', gen_salt('bf'))),
    ('a0000001-0000-0000-0000-000000000006', 'photo_dmitry', 'Дмитрий Фотонов', NULL, '0x8626f6940E2eb28930eFb4CeF49B2d1F2C9C1199', '5536 1234 5678 0000', 'NFT фотограф', 20.0, crypt('password123', gen_salt('bf'))),
    ('a0000001-0000-0000-0000-000000000007', 'abstract_elena', 'Елена Абстрактная', NULL, '0xde9be858da4a475276426320D5e9262eCfc3d0CB', NULL, 'Абстрактное искусство', 18.0, crypt('password123', gen_salt('bf')));

-- ============================================
-- 3. ПРОИЗВЕДЕНИЯ ИСКУССТВА (artworks)
-- ============================================
INSERT INTO artworks (id, title, artist_name, description, image_url, file_path, price, is_for_sale, style_id, blockchain, creator_id) VALUES
    ('b0000001-0000-0000-0000-000000000001', 'Цифровой Закат', 'Иван Артов', 'Яркий цифровой пейзаж с закатом над океаном', '/artworks/digital-sunset.png', '/files/digital-sunset-hires.png', 2.5, TRUE, 'e0000001-0000-0000-0000-000000000001', 'Polygon', 'a0000001-0000-0000-0000-000000000002'),
    ('b0000001-0000-0000-0000-000000000002', 'Генезис #42', 'Анна Крипто', 'Генеративная композиция из геометрических форм', '/artworks/genesis-42.png', '/files/genesis-42-src.js', 5.0, TRUE, 'e0000001-0000-0000-0000-000000000002', 'Ethereum', 'a0000001-0000-0000-0000-000000000003'),
    ('b0000001-0000-0000-0000-000000000003', 'Московские Огни', 'Дмитрий Фотонов', 'Ночная фотография Москва-Сити', '/artworks/moscow-lights.jpg', '/files/moscow-lights-raw.dng', 1.5, TRUE, 'e0000001-0000-0000-0000-000000000003', 'Polygon', 'a0000001-0000-0000-0000-000000000006'),
    ('b0000001-0000-0000-0000-000000000004', 'Хаос и Порядок', 'Елена Абстрактная', 'Абстрактная композиция о дуальности бытия', '/artworks/chaos-order.png', NULL, 3.0, TRUE, 'e0000001-0000-0000-0000-000000000004', 'Tezos', 'a0000001-0000-0000-0000-000000000007'),
    ('b0000001-0000-0000-0000-000000000005', 'Ретро Герой', 'Мария Пиксель', 'Пиксельный персонаж в стиле 8-бит', '/artworks/retro-hero.png', '/files/retro-hero.aseprite', 0.8, TRUE, 'e0000001-0000-0000-0000-000000000005', 'Solana', 'a0000001-0000-0000-0000-000000000005'),
    ('b0000001-0000-0000-0000-000000000006', 'Куб Бесконечности', 'Сергей Блокчейнов', '3D объект с фрактальной текстурой', '/artworks/infinity-cube.png', '/files/infinity-cube.blend', 8.0, TRUE, 'e0000001-0000-0000-0000-000000000006', 'Ethereum', 'a0000001-0000-0000-0000-000000000004'),
    ('b0000001-0000-0000-0000-000000000007', 'Нейросеть Мечты', 'Иван Артов', 'Произведение, созданное в коллаборации с ИИ', '/artworks/neural-dreams.png', NULL, 1.2, TRUE, 'e0000001-0000-0000-0000-000000000001', 'Polygon', 'a0000001-0000-0000-0000-000000000002'),
    ('b0000001-0000-0000-0000-000000000008', 'Алгоритм Красоты', 'Анна Крипто', 'Математическая визуализация числа Пи', '/artworks/algo-beauty.png', '/files/algo-beauty-src.py', 4.0, TRUE, 'e0000001-0000-0000-0000-000000000002', 'Ethereum', 'a0000001-0000-0000-0000-000000000003'),
    ('b0000001-0000-0000-0000-000000000009', 'Байкал Зимой', 'Дмитрий Фотонов', 'Фотография ледяных торосов на Байкале', '/artworks/baikal-winter.jpg', '/files/baikal-winter-raw.dng', 2.0, FALSE, 'e0000001-0000-0000-0000-000000000003', 'Polygon', 'a0000001-0000-0000-0000-000000000006'),
    ('b0000001-0000-0000-0000-000000000010', 'Космическая Пыль', 'Елена Абстрактная', 'Абстрактная интерпретация туманности Ориона', '/artworks/cosmic-dust.png', NULL, 6.0, TRUE, 'e0000001-0000-0000-0000-000000000004', 'Tezos', 'a0000001-0000-0000-0000-000000000007');

-- ============================================
-- 4. 3D ВИЗУАЛИЗАЦИИ (visualizations_3d)
-- ============================================
INSERT INTO visualizations_3d (id, artwork_id, file_url, file_size_bytes, format, normal_map_url, thumbnail_url) VALUES
    ('f0000001-0000-0000-0000-000000000001', 'b0000001-0000-0000-0000-000000000001', '/3d/digital-sunset.usdz', 2457600, 'usdz', '/3d/digital-sunset-normal.png', '/3d/thumb/digital-sunset.png'),
    ('f0000001-0000-0000-0000-000000000002', 'b0000001-0000-0000-0000-000000000002', '/3d/genesis-42.usdz', 1843200, 'usdz', '/3d/genesis-42-normal.png', '/3d/thumb/genesis-42.png'),
    ('f0000001-0000-0000-0000-000000000003', 'b0000001-0000-0000-0000-000000000003', '/3d/moscow-lights.usdz', 3072000, 'usdz', '/3d/moscow-lights-normal.png', '/3d/thumb/moscow-lights.png'),
    ('f0000001-0000-0000-0000-000000000004', 'b0000001-0000-0000-0000-000000000006', '/3d/infinity-cube.glb', 5242880, 'glb', '/3d/infinity-cube-normal.png', '/3d/thumb/infinity-cube.png'),
    ('f0000001-0000-0000-0000-000000000005', 'b0000001-0000-0000-0000-000000000006', '/3d/infinity-cube.usdz', 4915200, 'usdz', NULL, NULL),
    ('f0000001-0000-0000-0000-000000000006', 'b0000001-0000-0000-0000-000000000005', '/3d/retro-hero.usdz', 819200, 'usdz', '/3d/retro-hero-normal.png', '/3d/thumb/retro-hero.png');

-- ============================================
-- 5. NFT ТОКЕНЫ (nft_tokens)
-- ============================================
INSERT INTO nft_tokens (id, artwork_id, owner_id, contract_address, token_id_on_chain, blockchain, status, metadata_uri) VALUES
    ('10000001-0000-0000-0000-000000000001', 'b0000001-0000-0000-0000-000000000001', 'a0000001-0000-0000-0000-000000000002', '0x1234567890abcdef1234567890abcdef12345678', '1', 'Polygon', 'listed', 'ipfs://Qm...sunset'),
    ('10000001-0000-0000-0000-000000000002', 'b0000001-0000-0000-0000-000000000002', 'a0000001-0000-0000-0000-000000000003', '0x1234567890abcdef1234567890abcdef12345678', '2', 'Ethereum', 'listed', 'ipfs://Qm...genesis'),
    ('10000001-0000-0000-0000-000000000003', 'b0000001-0000-0000-0000-000000000003', 'a0000001-0000-0000-0000-000000000006', '0x1234567890abcdef1234567890abcdef12345678', '3', 'Polygon', 'listed', 'ipfs://Qm...moscow'),
    ('10000001-0000-0000-0000-000000000004', 'b0000001-0000-0000-0000-000000000006', 'a0000001-0000-0000-0000-000000000004', '0xabcdef1234567890abcdef1234567890abcdef12', '1', 'Ethereum', 'listed', 'ipfs://Qm...cube'),
    ('10000001-0000-0000-0000-000000000005', 'b0000001-0000-0000-0000-000000000009', 'a0000001-0000-0000-0000-000000000001', '0x1234567890abcdef1234567890abcdef12345678', '9', 'Polygon', 'sold', 'ipfs://Qm...baikal');

-- ============================================
-- 6. АУКЦИОНЫ (auctions)
-- ============================================
INSERT INTO auctions (id, artwork_id, creator_id, starting_price, current_bid, reserve_price, bid_step, start_time, end_time, status, bid_count, winner_id) VALUES
    -- Активные аукционы
    ('c0000001-0000-0000-0000-000000000001', 'b0000001-0000-0000-0000-000000000001', 'a0000001-0000-0000-0000-000000000002', 0.5, 1.85, 2.0, 0.05, NOW() - INTERVAL '1 day', NOW() + INTERVAL '5 hours', 'active', 4, NULL),
    ('c0000001-0000-0000-0000-000000000002', 'b0000001-0000-0000-0000-000000000002', 'a0000001-0000-0000-0000-000000000003', 1.0, 3.20, NULL, 0.10, NOW() - INTERVAL '12 hours', NOW() + INTERVAL '2 hours', 'active', 6, NULL),
    ('c0000001-0000-0000-0000-000000000003', 'b0000001-0000-0000-0000-000000000003', 'a0000001-0000-0000-0000-000000000006', 0.3, 0.75, 1.0, 0.05, NOW() - INTERVAL '6 hours', NOW() + INTERVAL '18 hours', 'active', 3, NULL),
    ('c0000001-0000-0000-0000-000000000004', 'b0000001-0000-0000-0000-000000000004', 'a0000001-0000-0000-0000-000000000007', 0.8, 2.10, NULL, 0.10, NOW() - INTERVAL '2 days', NOW() + INTERVAL '24 hours', 'active', 5, NULL),
    ('c0000001-0000-0000-0000-000000000005', 'b0000001-0000-0000-0000-000000000005', 'a0000001-0000-0000-0000-000000000005', 0.2, 0.45, NULL, 0.01, NOW() - INTERVAL '3 hours', NOW() + INTERVAL '12 hours', 'active', 2, NULL),
    ('c0000001-0000-0000-0000-000000000006', 'b0000001-0000-0000-0000-000000000006', 'a0000001-0000-0000-0000-000000000004', 2.0, 4.50, 3.0, 0.20, NOW() - INTERVAL '5 days', NOW() + INTERVAL '6 hours', 'active', 8, NULL),
    -- Предстоящие
    ('c0000001-0000-0000-0000-000000000007', 'b0000001-0000-0000-0000-000000000007', 'a0000001-0000-0000-0000-000000000002', 0.5, 0, NULL, 0.05, NOW() + INTERVAL '1 day', NOW() + INTERVAL '4 days', 'upcoming', 0, NULL),
    ('c0000001-0000-0000-0000-000000000008', 'b0000001-0000-0000-0000-000000000008', 'a0000001-0000-0000-0000-000000000003', 1.5, 0, 3.0, 0.10, NOW() + INTERVAL '12 hours', NOW() + INTERVAL '3 days', 'upcoming', 0, NULL),
    -- Завершённые (sold / ended)
    ('c0000001-0000-0000-0000-000000000009', 'b0000001-0000-0000-0000-000000000009', 'a0000001-0000-0000-0000-000000000006', 0.5, 2.30, NULL, 0.05, NOW() - INTERVAL '7 days', NOW() - INTERVAL '1 day', 'sold', 7, 'a0000001-0000-0000-0000-000000000001'),
    ('c0000001-0000-0000-0000-000000000010', 'b0000001-0000-0000-0000-000000000010', 'a0000001-0000-0000-0000-000000000007', 1.0, 1.50, 3.0, 0.10, NOW() - INTERVAL '5 days', NOW() - INTERVAL '2 days', 'ended', 3, NULL);

-- ============================================
-- 7. СТАВКИ (bids)
-- ============================================
INSERT INTO bids (auction_id, user_id, amount, created_at) VALUES
    -- Аукцион 1: Цифровой Закат
    ('c0000001-0000-0000-0000-000000000001', 'a0000001-0000-0000-0000-000000000003', 0.60, NOW() - INTERVAL '22 hours'),
    ('c0000001-0000-0000-0000-000000000001', 'a0000001-0000-0000-0000-000000000004', 1.00, NOW() - INTERVAL '18 hours'),
    ('c0000001-0000-0000-0000-000000000001', 'a0000001-0000-0000-0000-000000000001', 1.50, NOW() - INTERVAL '10 hours'),
    ('c0000001-0000-0000-0000-000000000001', 'a0000001-0000-0000-0000-000000000003', 1.85, NOW() - INTERVAL '3 hours'),

    -- Аукцион 2: Генезис #42
    ('c0000001-0000-0000-0000-000000000002', 'a0000001-0000-0000-0000-000000000001', 1.10, NOW() - INTERVAL '11 hours'),
    ('c0000001-0000-0000-0000-000000000002', 'a0000001-0000-0000-0000-000000000004', 1.50, NOW() - INTERVAL '9 hours'),
    ('c0000001-0000-0000-0000-000000000002', 'a0000001-0000-0000-0000-000000000005', 2.00, NOW() - INTERVAL '7 hours'),
    ('c0000001-0000-0000-0000-000000000002', 'a0000001-0000-0000-0000-000000000001', 2.30, NOW() - INTERVAL '5 hours'),
    ('c0000001-0000-0000-0000-000000000002', 'a0000001-0000-0000-0000-000000000004', 2.80, NOW() - INTERVAL '3 hours'),
    ('c0000001-0000-0000-0000-000000000002', 'a0000001-0000-0000-0000-000000000005', 3.20, NOW() - INTERVAL '1 hour'),

    -- Аукцион 3: Московские Огни
    ('c0000001-0000-0000-0000-000000000003', 'a0000001-0000-0000-0000-000000000001', 0.40, NOW() - INTERVAL '5 hours'),
    ('c0000001-0000-0000-0000-000000000003', 'a0000001-0000-0000-0000-000000000007', 0.55, NOW() - INTERVAL '3 hours'),
    ('c0000001-0000-0000-0000-000000000003', 'a0000001-0000-0000-0000-000000000001', 0.75, NOW() - INTERVAL '1 hour'),

    -- Аукцион 4: Хаос и Порядок
    ('c0000001-0000-0000-0000-000000000004', 'a0000001-0000-0000-0000-000000000001', 0.90, NOW() - INTERVAL '40 hours'),
    ('c0000001-0000-0000-0000-000000000004', 'a0000001-0000-0000-0000-000000000003', 1.20, NOW() - INTERVAL '30 hours'),
    ('c0000001-0000-0000-0000-000000000004', 'a0000001-0000-0000-0000-000000000005', 1.50, NOW() - INTERVAL '20 hours'),
    ('c0000001-0000-0000-0000-000000000004', 'a0000001-0000-0000-0000-000000000001', 1.80, NOW() - INTERVAL '10 hours'),
    ('c0000001-0000-0000-0000-000000000004', 'a0000001-0000-0000-0000-000000000003', 2.10, NOW() - INTERVAL '4 hours'),

    -- Аукцион 5: Ретро Герой
    ('c0000001-0000-0000-0000-000000000005', 'a0000001-0000-0000-0000-000000000001', 0.25, NOW() - INTERVAL '2 hours'),
    ('c0000001-0000-0000-0000-000000000005', 'a0000001-0000-0000-0000-000000000007', 0.45, NOW() - INTERVAL '1 hour'),

    -- Аукцион 6: Куб Бесконечности (самый горячий)
    ('c0000001-0000-0000-0000-000000000006', 'a0000001-0000-0000-0000-000000000001', 2.10, NOW() - INTERVAL '4 days'),
    ('c0000001-0000-0000-0000-000000000006', 'a0000001-0000-0000-0000-000000000003', 2.50, NOW() - INTERVAL '3 days'),
    ('c0000001-0000-0000-0000-000000000006', 'a0000001-0000-0000-0000-000000000005', 3.00, NOW() - INTERVAL '2 days'),
    ('c0000001-0000-0000-0000-000000000006', 'a0000001-0000-0000-0000-000000000001', 3.50, NOW() - INTERVAL '1 day'),
    ('c0000001-0000-0000-0000-000000000006', 'a0000001-0000-0000-0000-000000000003', 3.80, NOW() - INTERVAL '18 hours'),
    ('c0000001-0000-0000-0000-000000000006', 'a0000001-0000-0000-0000-000000000007', 4.00, NOW() - INTERVAL '12 hours'),
    ('c0000001-0000-0000-0000-000000000006', 'a0000001-0000-0000-0000-000000000005', 4.20, NOW() - INTERVAL '6 hours'),
    ('c0000001-0000-0000-0000-000000000006', 'a0000001-0000-0000-0000-000000000001', 4.50, NOW() - INTERVAL '2 hours'),

    -- Аукцион 9: Байкал Зимой (завершённый, sold)
    ('c0000001-0000-0000-0000-000000000009', 'a0000001-0000-0000-0000-000000000003', 0.60, NOW() - INTERVAL '6 days'),
    ('c0000001-0000-0000-0000-000000000009', 'a0000001-0000-0000-0000-000000000001', 0.90, NOW() - INTERVAL '5 days'),
    ('c0000001-0000-0000-0000-000000000009', 'a0000001-0000-0000-0000-000000000004', 1.20, NOW() - INTERVAL '4 days'),
    ('c0000001-0000-0000-0000-000000000009', 'a0000001-0000-0000-0000-000000000001', 1.50, NOW() - INTERVAL '3 days'),
    ('c0000001-0000-0000-0000-000000000009', 'a0000001-0000-0000-0000-000000000003', 1.80, NOW() - INTERVAL '2 days'),
    ('c0000001-0000-0000-0000-000000000009', 'a0000001-0000-0000-0000-000000000001', 2.10, NOW() - INTERVAL '36 hours'),
    ('c0000001-0000-0000-0000-000000000009', 'a0000001-0000-0000-0000-000000000001', 2.30, NOW() - INTERVAL '26 hours');

-- ============================================
-- 8. ТРАНЗАКЦИИ (transactions) — завершённые аукционы
-- ============================================
INSERT INTO transactions (id, auction_id, buyer_id, seller_id, artwork_id, nft_token_id, amount, status, tx_hash) VALUES
    ('20000001-0000-0000-0000-000000000001', 'c0000001-0000-0000-0000-000000000009', 'a0000001-0000-0000-0000-000000000001', 'a0000001-0000-0000-0000-000000000006', 'b0000001-0000-0000-0000-000000000009', '10000001-0000-0000-0000-000000000005', 2.30, 'completed', '0xabc123def456789012345678901234567890abcdef1234567890abcdef1234');

-- ============================================
-- 9. КОЛЛЕКЦИИ (collections)
-- ============================================
INSERT INTO collections (id, user_id, name, description, is_private, is_default) VALUES
    ('d0000001-0000-0000-0000-000000000001', 'a0000001-0000-0000-0000-000000000001', 'Моя коллекция', 'Коллекция по умолчанию', FALSE, TRUE),
    ('d0000001-0000-0000-0000-000000000002', 'a0000001-0000-0000-0000-000000000001', 'Избранные пейзажи', 'Лучшие цифровые пейзажи', FALSE, FALSE),
    ('d0000001-0000-0000-0000-000000000003', 'a0000001-0000-0000-0000-000000000001', 'Секретная подборка', 'Приватная коллекция для себя', TRUE, FALSE),
    ('d0000001-0000-0000-0000-000000000004', 'a0000001-0000-0000-0000-000000000002', 'Моя коллекция', '', FALSE, TRUE),
    ('d0000001-0000-0000-0000-000000000005', 'a0000001-0000-0000-0000-000000000003', 'Моя коллекция', '', FALSE, TRUE);

-- ============================================
-- 10. КОЛЛЕКЦИЯ_РАБОТА (collection_artworks)
-- ============================================
INSERT INTO collection_artworks (collection_id, artwork_id, position, user_note) VALUES
    ('d0000001-0000-0000-0000-000000000001', 'b0000001-0000-0000-0000-000000000009', 0, 'Выигран на аукционе за 2.30 ETH!'),
    ('d0000001-0000-0000-0000-000000000002', 'b0000001-0000-0000-0000-000000000001', 0, 'Хочу выиграть'),
    ('d0000001-0000-0000-0000-000000000002', 'b0000001-0000-0000-0000-000000000003', 1, 'Красивая фотография'),
    ('d0000001-0000-0000-0000-000000000003', 'b0000001-0000-0000-0000-000000000006', 0, 'Следить за аукционом');

-- ============================================
-- Владение (owned_artworks)
-- ============================================
INSERT INTO owned_artworks (user_id, artwork_id, acquisition_type, price_paid) VALUES
    ('a0000001-0000-0000-0000-000000000001', 'b0000001-0000-0000-0000-000000000009', 'auction', 2.30),
    ('a0000001-0000-0000-0000-000000000002', 'b0000001-0000-0000-0000-000000000001', 'created', NULL),
    ('a0000001-0000-0000-0000-000000000002', 'b0000001-0000-0000-0000-000000000007', 'created', NULL),
    ('a0000001-0000-0000-0000-000000000003', 'b0000001-0000-0000-0000-000000000002', 'created', NULL),
    ('a0000001-0000-0000-0000-000000000003', 'b0000001-0000-0000-0000-000000000008', 'created', NULL),
    ('a0000001-0000-0000-0000-000000000004', 'b0000001-0000-0000-0000-000000000006', 'created', NULL),
    ('a0000001-0000-0000-0000-000000000005', 'b0000001-0000-0000-0000-000000000005', 'created', NULL),
    ('a0000001-0000-0000-0000-000000000006', 'b0000001-0000-0000-0000-000000000003', 'created', NULL),
    ('a0000001-0000-0000-0000-000000000006', 'b0000001-0000-0000-0000-000000000009', 'created', NULL),
    ('a0000001-0000-0000-0000-000000000007', 'b0000001-0000-0000-0000-000000000004', 'created', NULL),
    ('a0000001-0000-0000-0000-000000000007', 'b0000001-0000-0000-0000-000000000010', 'created', NULL);

-- ============================================
-- Избранное (favorites)
-- ============================================
INSERT INTO favorites (user_id, artwork_id) VALUES
    ('a0000001-0000-0000-0000-000000000001', 'b0000001-0000-0000-0000-000000000001'),
    ('a0000001-0000-0000-0000-000000000001', 'b0000001-0000-0000-0000-000000000006'),
    ('a0000001-0000-0000-0000-000000000001', 'b0000001-0000-0000-0000-000000000002'),
    ('a0000001-0000-0000-0000-000000000003', 'b0000001-0000-0000-0000-000000000006'),
    ('a0000001-0000-0000-0000-000000000005', 'b0000001-0000-0000-0000-000000000001'),
    ('a0000001-0000-0000-0000-000000000007', 'b0000001-0000-0000-0000-000000000002');

-- ============================================
-- 11. УВЕДОМЛЕНИЯ (notifications)
-- ============================================
INSERT INTO notifications (user_id, type, title, message, related_auction_id, related_artwork_id) VALUES
    ('a0000001-0000-0000-0000-000000000001', 'auction_won', 'Аукцион выигран!', 'Вы выиграли "Байкал Зимой" за 2.30 ETH', 'c0000001-0000-0000-0000-000000000009', 'b0000001-0000-0000-0000-000000000009'),
    ('a0000001-0000-0000-0000-000000000001', 'bid_placed', 'Ставка сделана', 'Ваша ставка 1.50 ETH на "Цифровой Закат"', 'c0000001-0000-0000-0000-000000000001', 'b0000001-0000-0000-0000-000000000001'),
    ('a0000001-0000-0000-0000-000000000001', 'outbid', 'Вашу ставку перебили!', 'Новая ставка 1.85 ETH на "Цифровой Закат"', 'c0000001-0000-0000-0000-000000000001', 'b0000001-0000-0000-0000-000000000001'),
    ('a0000001-0000-0000-0000-000000000002', 'nft_created', 'NFT создан', 'Ваш NFT "Цифровой Закат" успешно создан', NULL, 'b0000001-0000-0000-0000-000000000001'),
    ('a0000001-0000-0000-0000-000000000006', 'transaction_completed', 'Продажа завершена', '"Байкал Зимой" продан за 2.30 ETH', 'c0000001-0000-0000-0000-000000000009', 'b0000001-0000-0000-0000-000000000009'),
    ('a0000001-0000-0000-0000-000000000004', 'new_bid', 'Новая ставка', 'Алексей Горенков сделал ставку 4.50 ETH на "Куб Бесконечности"', 'c0000001-0000-0000-0000-000000000006', 'b0000001-0000-0000-0000-000000000006');
